<?xml version="1.0"?>
<!DOCTYPE TranscendenceExtension
	[
	<!ENTITY unidMSVanillaOverride2		"0xE1281999">
	<!ENTITY stSmallAsteroid			"0x00002200">
	<!ENTITY stMediumAsteroid			"0x00002201">
	<!ENTITY stLargeAsteroid			"0x00002202">
	<!ENTITY stSmallIceAsteroid			"0x00002203">
	<!ENTITY stLargeIceAsteroid			"0x00002204">
	<!ENTITY stSmallVolcanicAsteroid	"0x0000220E">
	<!ENTITY stMediumVolcanicAsteroid	"0x0000220F">
	<!ENTITY stSmallFrostAsteroid		"0x00002211">
	<!ENTITY stMediumFrostAsteroid		"0x00002212">
	<!ENTITY stSmallMetallicAsteroid	"0x00002213">
	<!ENTITY stMediumMetallicAsteroid	"0x00002214">
	
	<!ENTITY stOreSmallAsteroid			"0x00002300">
	<!ENTITY stOreSmallFrostAsteroid	"0x00002301">
	<!ENTITY stOreSmallVolcanicAsteroid	"0x00002302">
	<!ENTITY stOreMediumAsteroid		"0x00002303">
	<!ENTITY stOreMediumFrostAsteroid	"0x00002304">
	<!ENTITY stOreMediumVolcanicAsteroid	"0x00002305">
	<!ENTITY stOreSmallMetallicAsteroid	"0x00002306">
	<!ENTITY stOreMediumMetallicAsteroid	"0x00002307">
]>
<TranscendenceExtension UNID="&unidMSVanillaOverride2;" version="0.95" name="Dynamic Systems V5.b Asteroid Override for TG" credit="RPC">

	<!-- Small Asteroid -->

	<StationType UNID="&stSmallAsteroid;"
		name=				"(asteroid)"
		scale=				"world"
		sovereign=			"&svIndependent;"
		mobile=				"true"
		mass=				"50"

		attributes=			"asteroid, stoneAsteroid, tinyAsteroid"

		ejectaType=			"&vtStoneAsteroidEjecta;"
		>
		<ImageVariants>
			<Image			imageID="&rsWorlds1;" imageX="192" imageY="768" imageWidth="32" imageHeight="32"/>
			<Image			imageID="&rsWorlds1;" imageX="192" imageY="800" imageWidth="32" imageHeight="32"/>
			<Image			imageID="&rsWorlds1;" imageX="192" imageY="832" imageWidth="32" imageHeight="32"/>
			<Image			imageID="&rsWorlds1;" imageX="192" imageY="864" imageWidth="32" imageHeight="32"/>
			<Image			imageID="&rsWorlds1;" imageX="192" imageY="896" imageWidth="32" imageHeight="32"/>

			<Image			imageID="&rsWorlds1;" imageX="192" imageY="928" imageWidth="32" imageHeight="32"/>
			<Image			imageID="&rsWorlds1;" imageX="192" imageY="960" imageWidth="32" imageHeight="32"/>
			<Image			imageID="&rsWorlds1;" imageX="192" imageY="992" imageWidth="32" imageHeight="32"/>
		</ImageVariants>

		<Events>
			; Note: We add this even to asteroids without ore because some scenarios
			; call for adding ore to existing asteroids
			<OnMining>
				(intAsteroidOnMining 100)
			</OnMining>
		</Events>

	</StationType>

	<!-- Medium Asteroid -->

	<StationType UNID="&stMediumAsteroid;"
		name=				"(asteroid)"
		scale=				"world"
		sovereign=			"&svIndependent;"
		mobile=				"true"
		mass=				"50"

		attributes=			"asteroid, mediumAsteroid, stoneAsteroid"

		ejectaType=			"&vtStoneAsteroidEjecta;"
		>
		<Names noArticle="true">Asteroid %1%0%0%0%0%0</Names>

		<ImageVariants>
			<Image			imageID="&rsWorlds1;" imageX="128" imageY="0"   imageWidth="64" imageHeight="64"/>
			<Image			imageID="&rsWorlds1;" imageX="128" imageY="64"  imageWidth="64" imageHeight="64"/>
			<Image			imageID="&rsWorlds1;" imageX="128" imageY="128" imageWidth="64" imageHeight="64"/>
			<Image			imageID="&rsWorlds1;" imageX="128" imageY="192" imageWidth="64" imageHeight="64"/>
			<Image			imageID="&rsWorlds1;" imageX="128" imageY="256" imageWidth="64" imageHeight="64"/>

			<Image			imageID="&rsWorlds1;" imageX="128" imageY="320" imageWidth="64" imageHeight="64"/>
			<Image			imageID="&rsWorlds1;" imageX="128" imageY="384" imageWidth="64" imageHeight="64"/>
			<Image			imageID="&rsWorlds1;" imageX="128" imageY="448" imageWidth="64" imageHeight="64"/>
		</ImageVariants>

		<Events>
			<OnMining>
				(intAsteroidOnMining 100)
			</OnMining>
		</Events>

	</StationType>

	<!-- Large Asteroid -->

	<StationType UNID="&stLargeAsteroid;"
		name=				"(asteroid)"
		scale=				"world"
		sovereign=			"&svIndependent;"
		mobile=				"true"
		mass=				"50"

		attributes=			"asteroid, smallPlanetoid, stoneAsteroid"

		ejectaType=			"&vtStoneAsteroidEjecta;"
		>
		<ImageVariants>
			<Image			imageID="&rsWorlds1;" imageX="0" imageY="0" imageWidth="128" imageHeight="128"/>
			<Image			imageID="&rsWorlds1;" imageX="0" imageY="128" imageWidth="128" imageHeight="128"/>
			<Image			imageID="&rsWorlds1;" imageX="0" imageY="256" imageWidth="128" imageHeight="128"/>
			<Image			imageID="&rsWorlds1;" imageX="0" imageY="384" imageWidth="128" imageHeight="128"/>
		</ImageVariants>

		<Events>
			<OnMining>
				(intAsteroidOnMining 100)
			</OnMining>
		</Events>

	</StationType>

	<!-- Small Frost Asteroid -->

	<StationType UNID="&stSmallFrostAsteroid;"
		name=				"(asteroid)"
		scale=				"world"
		sovereign=			"&svIndependent;"
		mobile=				"true"
		mass=				"50"

		attributes=			"asteroid, frostAsteroid, tinyAsteroid"

		ejectaType=			"&vtIceAsteroidEjecta;"
		>
		<ImageVariants>
			<Image			imageID="&rsWorlds1;" imageX="224" imageY="768" imageWidth="32" imageHeight="32"/>
			<Image			imageID="&rsWorlds1;" imageX="224" imageY="800" imageWidth="32" imageHeight="32"/>
			<Image			imageID="&rsWorlds1;" imageX="224" imageY="832" imageWidth="32" imageHeight="32"/>
			<Image			imageID="&rsWorlds1;" imageX="224" imageY="864" imageWidth="32" imageHeight="32"/>
			<Image			imageID="&rsWorlds1;" imageX="224" imageY="896" imageWidth="32" imageHeight="32"/>

			<Image			imageID="&rsWorlds1;" imageX="224" imageY="928" imageWidth="32" imageHeight="32"/>
			<Image			imageID="&rsWorlds1;" imageX="224" imageY="960" imageWidth="32" imageHeight="32"/>
			<Image			imageID="&rsWorlds1;" imageX="224" imageY="992" imageWidth="32" imageHeight="32"/>
		</ImageVariants>

		<Events>
			<OnMining>
				(intAsteroidOnMining 50)
			</OnMining>
		</Events>

	</StationType>

	<!-- Medium Frost Asteroid -->

	<StationType UNID="&stMediumFrostAsteroid;"
		name=				"(asteroid)"
		scale=				"world"
		sovereign=			"&svIndependent;"
		mobile=				"true"
		mass=				"50"

		attributes=			"asteroid, frostAsteroid, mediumAsteroid"

		ejectaType=			"&vtIceAsteroidEjecta;"
		>
		<ImageVariants>
			<Image			imageID="&rsWorlds1;" imageX="192" imageY="0"   imageWidth="64" imageHeight="64"/>
			<Image			imageID="&rsWorlds1;" imageX="192" imageY="64"  imageWidth="64" imageHeight="64"/>
			<Image			imageID="&rsWorlds1;" imageX="192" imageY="128" imageWidth="64" imageHeight="64"/>
			<Image			imageID="&rsWorlds1;" imageX="192" imageY="192" imageWidth="64" imageHeight="64"/>
			<Image			imageID="&rsWorlds1;" imageX="192" imageY="256" imageWidth="64" imageHeight="64"/>

			<Image			imageID="&rsWorlds1;" imageX="192" imageY="320" imageWidth="64" imageHeight="64"/>
			<Image			imageID="&rsWorlds1;" imageX="192" imageY="384" imageWidth="64" imageHeight="64"/>
			<Image			imageID="&rsWorlds1;" imageX="192" imageY="448" imageWidth="64" imageHeight="64"/>
		</ImageVariants>

		<Events>
			<OnMining>
				(intAsteroidOnMining 50)
			</OnMining>
		</Events>

	</StationType>

	<!-- Small Ice Asteroid -->

	<StationType UNID="&stSmallIceAsteroid;"
		name=				"(asteroid)"
		scale=				"world"
		sovereign=			"&svIndependent;"
		mobile=				"true"
		mass=				"50"

		attributes=			"asteroid, iceAsteroid, tinyAsteroid"

		ejectaType=			"&vtIceAsteroidEjecta;"
		>
		<ImageVariants>
			<Image			imageID="&rsWorlds1;" imageX="0" imageY="0"   imageWidth="128" imageHeight="128"/>
			<Image			imageID="&rsWorlds1;" imageX="0" imageY="128" imageWidth="128" imageHeight="128"/>
			<Image			imageID="&rsWorlds1;" imageX="0" imageY="256" imageWidth="128" imageHeight="128"/>
			<Image			imageID="&rsWorlds1;" imageX="0" imageY="384" imageWidth="128" imageHeight="128"/>
		</ImageVariants>

		<Events>
			<OnMining>
				(intAsteroidOnMining 50)
			</OnMining>
		</Events>

	</StationType>

	<!-- Large Ice Asteroid -->

	<StationType UNID="&stLargeIceAsteroid;"
		name=				"(asteroid)"
		scale=				"world"
		sovereign=			"&svIndependent;"
		mobile=				"true"
		mass=				"50"

		attributes=			"asteroid, iceAsteroid, smallPlanetoid"

		ejectaType=			"&vtIceAsteroidEjecta;"
		>
		<ImageVariants>
			<Image			imageID="&rsWorlds1;" imageX="0" imageY="0"   imageWidth="128" imageHeight="128"/>
			<Image			imageID="&rsWorlds1;" imageX="0" imageY="128" imageWidth="128" imageHeight="128"/>
			<Image			imageID="&rsWorlds1;" imageX="0" imageY="256" imageWidth="128" imageHeight="128"/>
			<Image			imageID="&rsWorlds1;" imageX="0" imageY="384" imageWidth="128" imageHeight="128"/>
		</ImageVariants>

		<Events>
			<OnMining>
				(intAsteroidOnMining 50)
			</OnMining>
		</Events>

	</StationType>

	<!-- Small Metallic Asteroid -->

	<StationType UNID="&stSmallMetallicAsteroid;"
		name=				"(asteroid)"
		scale=				"world"
		sovereign=			"&svIndependent;"
		mobile=				"true"
		mass=				"50"

		attributes=			"asteroid, metallicAsteroid, tinyAsteroid"

		ejectaType=			"&vtMetallicAsteroidEjecta;"
		>
		<ImageVariants>
			<Image	imageID="&rsMetallicAsteroids;" imageX="0"   imageY="128"	imageWidth="32" imageHeight="32"/>
			<Image	imageID="&rsMetallicAsteroids;" imageX="32"  imageY="128"	imageWidth="32" imageHeight="32"/>
			<Image	imageID="&rsMetallicAsteroids;" imageX="64"  imageY="128"	imageWidth="32" imageHeight="32"/>
			<Image	imageID="&rsMetallicAsteroids;" imageX="96"  imageY="128"	imageWidth="32" imageHeight="32"/>
			<Image	imageID="&rsMetallicAsteroids;" imageX="128" imageY="128"	imageWidth="32" imageHeight="32"/>

			<Image	imageID="&rsMetallicAsteroids;" imageX="160"   imageY="128"	imageWidth="32" imageHeight="32"/>
			<Image	imageID="&rsMetallicAsteroids;" imageX="192"   imageY="128"	imageWidth="32" imageHeight="32"/>
			<Image	imageID="&rsMetallicAsteroids;" imageX="224"   imageY="128"	imageWidth="32" imageHeight="32"/>
		</ImageVariants>

		<Events>
			<OnMining>
				(intAsteroidOnMining 30)
			</OnMining>
		</Events>

	</StationType>

	<!-- Medium Metallic Asteroid -->

	<StationType UNID="&stMediumMetallicAsteroid;"
		name=				"(asteroid)"
		scale=				"world"
		sovereign=			"&svIndependent;"
		mobile=				"true"
		mass=				"50"

		attributes=			"asteroid, mediumAsteroid, metallicAsteroid"

		ejectaType=			"&vtMetallicAsteroidEjecta;"
		>

		<ImageVariants>
			<Image	imageID="&rsMetallicAsteroids;" imageX="0"   imageY="0"		imageWidth="64" imageHeight="64"/>
			<Image	imageID="&rsMetallicAsteroids;" imageX="64"  imageY="0"		imageWidth="64" imageHeight="64"/>
			<Image	imageID="&rsMetallicAsteroids;" imageX="128" imageY="0"		imageWidth="64" imageHeight="64"/>
			<Image	imageID="&rsMetallicAsteroids;" imageX="192" imageY="0"		imageWidth="64" imageHeight="64"/>
			<Image	imageID="&rsMetallicAsteroids;" imageX="0"   imageY="64"	imageWidth="64" imageHeight="64"/>

			<Image	imageID="&rsMetallicAsteroids;" imageX="64"  imageY="64"	imageWidth="64" imageHeight="64"/>
			<Image	imageID="&rsMetallicAsteroids;" imageX="128" imageY="64"	imageWidth="64" imageHeight="64"/>
			<Image	imageID="&rsMetallicAsteroids;" imageX="192" imageY="64"	imageWidth="64" imageHeight="64"/>
		</ImageVariants>

		<Events>
			<OnMining>
				(intAsteroidOnMining 30)
			</OnMining>
		</Events>

	</StationType>

	<!-- Small Volcanic Asteroid -->

	<StationType UNID="&stSmallVolcanicAsteroid;"
		name=				"(asteroid)"
		scale=				"world"
		sovereign=			"&svIndependent;"
		mobile=				"true"
		mass=				"50"

		attributes=			"asteroid, tinyAsteroid, volcanicAsteroid"

		ejectaType=			"&vtVolcanicAsteroidEjecta;"
		>
		<ImageVariants>
			<Image			imageID="&rsWorlds2;" imageX="192" imageY="768" imageWidth="32" imageHeight="32"/>
			<Image			imageID="&rsWorlds2;" imageX="192" imageY="800" imageWidth="32" imageHeight="32"/>
			<Image			imageID="&rsWorlds2;" imageX="192" imageY="832" imageWidth="32" imageHeight="32"/>
			<Image			imageID="&rsWorlds2;" imageX="192" imageY="864" imageWidth="32" imageHeight="32"/>
			<Image			imageID="&rsWorlds2;" imageX="192" imageY="896" imageWidth="32" imageHeight="32"/>

			<Image			imageID="&rsWorlds2;" imageX="192" imageY="928" imageWidth="32" imageHeight="32"/>
			<Image			imageID="&rsWorlds2;" imageX="192" imageY="960" imageWidth="32" imageHeight="32"/>
			<Image			imageID="&rsWorlds2;" imageX="192" imageY="992" imageWidth="32" imageHeight="32"/>
		</ImageVariants>

		<Events>
			<OnMining>
				(intAsteroidOnMining 20)
			</OnMining>
		</Events>

	</StationType>

	<!-- Medium Volcanic Asteroid -->

	<StationType UNID="&stMediumVolcanicAsteroid;"
		name=				"(asteroid)"
		scale=				"world"
		sovereign=			"&svIndependent;"
		mobile=				"true"
		mass=				"50"

		attributes=			"asteroid, mediumAsteroid, volcanicAsteroid"

		ejectaType=			"&vtVolcanicAsteroidEjecta;"
		>
		<ImageVariants>
			<Image			imageID="&rsWorlds2;" imageX="128" imageY="512" imageWidth="64" imageHeight="64"/>
			<Image			imageID="&rsWorlds2;" imageX="128" imageY="576" imageWidth="64" imageHeight="64"/>
			<Image			imageID="&rsWorlds2;" imageX="128" imageY="640" imageWidth="64" imageHeight="64"/>
			<Image			imageID="&rsWorlds2;" imageX="128" imageY="704" imageWidth="64" imageHeight="64"/>
			<Image			imageID="&rsWorlds2;" imageX="128" imageY="768" imageWidth="64" imageHeight="64"/>

			<Image			imageID="&rsWorlds2;" imageX="128" imageY="832" imageWidth="64" imageHeight="64"/>
			<Image			imageID="&rsWorlds2;" imageX="128" imageY="896" imageWidth="64" imageHeight="64"/>
			<Image			imageID="&rsWorlds2;" imageX="128" imageY="960" imageWidth="64" imageHeight="64"/>
		</ImageVariants>

		<Events>
			<OnMining>
				(intAsteroidOnMining 20)
			</OnMining>
		</Events>

	</StationType>

	<!-- Small Asteroid with Ore -->

	<StationType UNID="&stOreSmallAsteroid;"
			name=				"(small ore asteroid)"
			scale=				"world"
			sovereign=			"&svIndependent;"
			mobile=				"true"
			mass=				"50"

			attributes=			"asteroid, stoneAsteroid, tinyAsteroid"

			ejectaType=			"&vtStoneAsteroidEjecta;"
			>

		<ImageVariants>
			<Image			imageID="&rsWorlds1;" imageX="192" imageY="768" imageWidth="32" imageHeight="32"/>
			<Image			imageID="&rsWorlds1;" imageX="192" imageY="800" imageWidth="32" imageHeight="32"/>
			<Image			imageID="&rsWorlds1;" imageX="192" imageY="832" imageWidth="32" imageHeight="32"/>
			<Image			imageID="&rsWorlds1;" imageX="192" imageY="864" imageWidth="32" imageHeight="32"/>
			<Image			imageID="&rsWorlds1;" imageX="192" imageY="896" imageWidth="32" imageHeight="32"/>

			<Image			imageID="&rsWorlds1;" imageX="192" imageY="928" imageWidth="32" imageHeight="32"/>
			<Image			imageID="&rsWorlds1;" imageX="192" imageY="960" imageWidth="32" imageHeight="32"/>
			<Image			imageID="&rsWorlds1;" imageX="192" imageY="992" imageWidth="32" imageHeight="32"/>
		</ImageVariants>

		<Items>
			<Lookup table="&tbStoneAsteroidOre;"/>
		</Items>

		<Events>
			<OnMining>
				(intAsteroidOnMining 100)
			</OnMining>
		</Events>

	</StationType>
	
	<!-- Medium Asteroid with Ore -->

	<StationType UNID="&stOreMediumAsteroid;"
		name=				"(medium ore asteroid)"
		scale=				"world"
		sovereign=			"&svIndependent;"
		mobile=				"true"
		mass=				"50"

		attributes=			"asteroid, mediumAsteroid, stoneAsteroid"

		ejectaType=			"&vtStoneAsteroidEjecta;"
		>

		<Names noArticle="true">Asteroid %1%0%0%0%0%0</Names>

		<ImageVariants>
			<Image			imageID="&rsWorlds1;" imageX="128" imageY="0"   imageWidth="64" imageHeight="64"/>
			<Image			imageID="&rsWorlds1;" imageX="128" imageY="64"  imageWidth="64" imageHeight="64"/>
			<Image			imageID="&rsWorlds1;" imageX="128" imageY="128" imageWidth="64" imageHeight="64"/>
			<Image			imageID="&rsWorlds1;" imageX="128" imageY="192" imageWidth="64" imageHeight="64"/>
			<Image			imageID="&rsWorlds1;" imageX="128" imageY="256" imageWidth="64" imageHeight="64"/>

			<Image			imageID="&rsWorlds1;" imageX="128" imageY="320" imageWidth="64" imageHeight="64"/>
			<Image			imageID="&rsWorlds1;" imageX="128" imageY="384" imageWidth="64" imageHeight="64"/>
			<Image			imageID="&rsWorlds1;" imageX="128" imageY="448" imageWidth="64" imageHeight="64"/>
		</ImageVariants>

		<Items>
			<Lookup count="1d6" table="&tbStoneAsteroidOre;"/>
		</Items>

		<Events>
			<OnMining>
				(intAsteroidOnMining 100)
			</OnMining>
		</Events>

	</StationType>

	<!-- Small Frost Asteroid with Ore -->

	<StationType UNID="&stOreSmallFrostAsteroid;"
		name=				"(small frost ore asteroid)"
		scale=				"world"
		sovereign=			"&svIndependent;"
		mobile=				"true"
		mass=				"50"

		attributes=			"asteroid, frostAsteroid, tinyAsteroid"

		ejectaType=			"&vtIceAsteroidEjecta;"
		>

		<ImageVariants>
			<Image			imageID="&rsWorlds1;" imageX="224" imageY="768" imageWidth="32" imageHeight="32"/>
			<Image			imageID="&rsWorlds1;" imageX="224" imageY="800" imageWidth="32" imageHeight="32"/>
			<Image			imageID="&rsWorlds1;" imageX="224" imageY="832" imageWidth="32" imageHeight="32"/>
			<Image			imageID="&rsWorlds1;" imageX="224" imageY="864" imageWidth="32" imageHeight="32"/>
			<Image			imageID="&rsWorlds1;" imageX="224" imageY="896" imageWidth="32" imageHeight="32"/>

			<Image			imageID="&rsWorlds1;" imageX="224" imageY="928" imageWidth="32" imageHeight="32"/>
			<Image			imageID="&rsWorlds1;" imageX="224" imageY="960" imageWidth="32" imageHeight="32"/>
			<Image			imageID="&rsWorlds1;" imageX="224" imageY="992" imageWidth="32" imageHeight="32"/>
		</ImageVariants>

		<Items>
			<Lookup table="&tbFrostAsteroidOre;"/>
		</Items>

		<Events>
			<OnMining>
				(intAsteroidOnMining 50)
			</OnMining>
		</Events>

	</StationType>

	<!-- Medium Frost Asteroid with Ore -->

	<StationType UNID="&stOreMediumFrostAsteroid;"
		name=				"(medium frost ore asteroid)"
		scale=				"world"
		sovereign=			"&svIndependent;"
		mobile=				"true"
		mass=				"50"

		attributes=			"asteroid, frostAsteroid, mediumAsteroid"

		ejectaType=			"&vtIceAsteroidEjecta;"
		>

		<ImageVariants>
			<Image			imageID="&rsWorlds1;" imageX="192" imageY="0"   imageWidth="64" imageHeight="64"/>
			<Image			imageID="&rsWorlds1;" imageX="192" imageY="64"  imageWidth="64" imageHeight="64"/>
			<Image			imageID="&rsWorlds1;" imageX="192" imageY="128" imageWidth="64" imageHeight="64"/>
			<Image			imageID="&rsWorlds1;" imageX="192" imageY="192" imageWidth="64" imageHeight="64"/>
			<Image			imageID="&rsWorlds1;" imageX="192" imageY="256" imageWidth="64" imageHeight="64"/>

			<Image			imageID="&rsWorlds1;" imageX="192" imageY="320" imageWidth="64" imageHeight="64"/>
			<Image			imageID="&rsWorlds1;" imageX="192" imageY="384" imageWidth="64" imageHeight="64"/>
			<Image			imageID="&rsWorlds1;" imageX="192" imageY="448" imageWidth="64" imageHeight="64"/>
		</ImageVariants>

		<Items>
			<Lookup count="1d6" table="&tbFrostAsteroidOre;"/>
		</Items>

		<Events>
			<OnMining>
				(intAsteroidOnMining 50)
			</OnMining>
		</Events>

	</StationType>

	<!-- Small Metallic Asteroid with Ore -->

	<StationType UNID="&stOreSmallMetallicAsteroid;"
		name=				"(asteroid)"
		scale=				"world"
		sovereign=			"&svIndependent;"
		mobile=				"true"
		mass=				"50"

		attributes=			"asteroid, metallicAsteroid, tinyAsteroid"

		ejectaType=			"&vtMetallicAsteroidEjecta;"
		>
		<ImageVariants>
			<Image	imageID="&rsMetallicAsteroids;" imageX="0"   imageY="128"	imageWidth="32" imageHeight="32"/>
			<Image	imageID="&rsMetallicAsteroids;" imageX="32"  imageY="128"	imageWidth="32" imageHeight="32"/>
			<Image	imageID="&rsMetallicAsteroids;" imageX="64"  imageY="128"	imageWidth="32" imageHeight="32"/>
			<Image	imageID="&rsMetallicAsteroids;" imageX="96"  imageY="128"	imageWidth="32" imageHeight="32"/>
			<Image	imageID="&rsMetallicAsteroids;" imageX="128" imageY="128"	imageWidth="32" imageHeight="32"/>

			<Image	imageID="&rsMetallicAsteroids;" imageX="160"   imageY="128"	imageWidth="32" imageHeight="32"/>
			<Image	imageID="&rsMetallicAsteroids;" imageX="192"   imageY="128"	imageWidth="32" imageHeight="32"/>
			<Image	imageID="&rsMetallicAsteroids;" imageX="224"   imageY="128"	imageWidth="32" imageHeight="32"/>
		</ImageVariants>

		<Items>
			<Lookup table="&tbMetallicAsteroidOre;"/>
		</Items>

		<Events>
			<OnMining>
				(intAsteroidOnMining 30)
			</OnMining>
		</Events>

	</StationType>

	<!-- Medium Metallic Asteroid with Ore -->

	<StationType UNID="&stOreMediumMetallicAsteroid;"
		name=				"(asteroid)"
		scale=				"world"
		sovereign=			"&svIndependent;"
		mobile=				"true"
		mass=				"50"

		attributes=			"asteroid, mediumAsteroid, metallicAsteroid"

		ejectaType=			"&vtMetallicAsteroidEjecta;"
		>

		<ImageVariants>
			<Image	imageID="&rsMetallicAsteroids;" imageX="0"   imageY="0"		imageWidth="64" imageHeight="64"/>
			<Image	imageID="&rsMetallicAsteroids;" imageX="64"  imageY="0"		imageWidth="64" imageHeight="64"/>
			<Image	imageID="&rsMetallicAsteroids;" imageX="128" imageY="0"		imageWidth="64" imageHeight="64"/>
			<Image	imageID="&rsMetallicAsteroids;" imageX="192" imageY="0"		imageWidth="64" imageHeight="64"/>
			<Image	imageID="&rsMetallicAsteroids;" imageX="0"   imageY="64"	imageWidth="64" imageHeight="64"/>

			<Image	imageID="&rsMetallicAsteroids;" imageX="64"  imageY="64"	imageWidth="64" imageHeight="64"/>
			<Image	imageID="&rsMetallicAsteroids;" imageX="128" imageY="64"	imageWidth="64" imageHeight="64"/>
			<Image	imageID="&rsMetallicAsteroids;" imageX="192" imageY="64"	imageWidth="64" imageHeight="64"/>
		</ImageVariants>

		<Items>
			<Lookup count="1d6" table="&tbMetallicAsteroidOre;"/>
		</Items>

		<Events>
			<OnMining>
				(intAsteroidOnMining 30)
			</OnMining>
		</Events>

	</StationType>

	<!-- Small Volcanic Asteroid with Ore -->

	<StationType UNID="&stOreSmallVolcanicAsteroid;"
		name=				"(small volcanic ore asteroid)"
		scale=				"world"
		sovereign=			"&svIndependent;"
		mobile=				"true"
		mass=				"50"

		attributes=			"asteroid, tinyAsteroid, volcanicAsteroid"

		ejectaType=			"&vtVolcanicAsteroidEjecta;"
		>

		<ImageVariants>
			<Image			imageID="&rsWorlds2;" imageX="192" imageY="768" imageWidth="32" imageHeight="32"/>
			<Image			imageID="&rsWorlds2;" imageX="192" imageY="800" imageWidth="32" imageHeight="32"/>
			<Image			imageID="&rsWorlds2;" imageX="192" imageY="832" imageWidth="32" imageHeight="32"/>
			<Image			imageID="&rsWorlds2;" imageX="192" imageY="864" imageWidth="32" imageHeight="32"/>
			<Image			imageID="&rsWorlds2;" imageX="192" imageY="896" imageWidth="32" imageHeight="32"/>

			<Image			imageID="&rsWorlds2;" imageX="192" imageY="928" imageWidth="32" imageHeight="32"/>
			<Image			imageID="&rsWorlds2;" imageX="192" imageY="960" imageWidth="32" imageHeight="32"/>
			<Image			imageID="&rsWorlds2;" imageX="192" imageY="992" imageWidth="32" imageHeight="32"/>
		</ImageVariants>

		<Items>
			<Lookup table="&tbVolcanicAsteroidOre;"/>
		</Items>

		<Events>
			<OnMining>
				(intAsteroidOnMining 20)
			</OnMining>
		</Events>

	</StationType>

	<!-- Medium Volcanic Asteroid with Ore -->

	<StationType UNID="&stOreMediumVolcanicAsteroid;"
		name=				"(medium volcanic ore asteroid)"
		scale=				"world"
		sovereign=			"&svIndependent;"
		mobile=				"true"
		mass=				"50"

		attributes=			"asteroid, mediumAsteroid, volcanicAsteroid"

		ejectaType=			"&vtVolcanicAsteroidEjecta;"
		>

		<ImageVariants>
			<Image			imageID="&rsWorlds2;" imageX="128" imageY="512" imageWidth="64" imageHeight="64"/>
			<Image			imageID="&rsWorlds2;" imageX="128" imageY="576" imageWidth="64" imageHeight="64"/>
			<Image			imageID="&rsWorlds2;" imageX="128" imageY="640" imageWidth="64" imageHeight="64"/>
			<Image			imageID="&rsWorlds2;" imageX="128" imageY="704" imageWidth="64" imageHeight="64"/>
			<Image			imageID="&rsWorlds2;" imageX="128" imageY="768" imageWidth="64" imageHeight="64"/>

			<Image			imageID="&rsWorlds2;" imageX="128" imageY="832" imageWidth="64" imageHeight="64"/>
			<Image			imageID="&rsWorlds2;" imageX="128" imageY="896" imageWidth="64" imageHeight="64"/>
			<Image			imageID="&rsWorlds2;" imageX="128" imageY="960" imageWidth="64" imageHeight="64"/>
		</ImageVariants>

		<Items>
			<Lookup count="1d6" table="&tbVolcanicAsteroidOre;"/>
		</Items>

		<Events>
			<OnMining>
				(intAsteroidOnMining 20)
			</OnMining>
		</Events>

	</StationType>

</TranscendenceExtension>